FirstName,LastName,Full_Name,PersonEmail,PersonGenderIdentity,PersonBirthdate,PersonMobilePhone,Street_Address_1,Street_Address_2,Street_Address_3,City,State,Postal_Code,Country,Nationality,Customer_Risk_Rating,Customer_Status,KYC_Done_Date,Common_Client_Code,Company_Name,Line_of_Business,Maritual_Status,PAN,Passport_No,Phone,Salutation
Maria,Miller,Maria Miller,wilsonscott@example.com,Male,1970-05-22,875-775-9675,447 Harris Manors Suite 223,,,Burtonmouth,IN,21835,USA,American,Medium,Active,2023-12-18,CC001,Lambert Group,Healthcare,Single,SQTNJ9391J,R7513233,001-503-438-8555x6326,Dr
Peter,Padilla,Peter Padilla,fjordan@example.net,Transgender,1969-12-19,(993)463-1289x5904,868 Jacob Shoals Suite 722,Apt. 276,,Thomaschester,TN,97162,USA,American,High,Active,2024-09-23,CC002,"Howard, Krueger and Aguirre",Healthcare,Single,WXCRQ66067J,X9553897,898-392-2362,Mx
John,Duarte,John Duarte,tonyabrown@example.com,Male,1981-10-22,289-705-4763x3839,975 Emily Pass,,,Port Michelemouth,IA,80054,USA,American,Medium,Inactive,2024-08-05,CC003,Soto-Perez,Finance,Divorced,GNHXQ38261G,H3528874,249.736.4886x3612,Dr
Katelyn,Mills,Katelyn Mills,colemanwesley@example.net,Male,1947-12-30,001-525-572-3896x46427,150 Patterson Valleys Apt. 097,Apt. 594,,Port Lori,GU,16898,USA,American,Low,Active,2024-09-12,CC004,"Robinson, Anderson and Edwards",Manufacturing,Married,QWSWJ25054N,T4503381,580.245.5982,Ms
Andrea,Hanson,Andrea Hanson,jamie50@example.com,Transgender,1967-08-02,+1-685-255-7935x415,299 Sims Lakes,,,West Gregoryborough,MO,58719,USA,American,Medium,Active,2024-02-04,CC005,Allison LLC,Manufacturing,Divorced,NLYXN27584F,M1667965,001-720-675-6445x085,Mx
Matthew,Lowe,Matthew Lowe,christopherhall@example.com,Male,1945-06-19,716.445.8505x534,8911 Cynthia Trail,,,Lake James,PW,31106,USA,American,Low,Active,2024-05-12,CC006,"Kennedy, Miller and Dixon",IT,Single,CRVEB47676A,U1090688,001-209-732-3603x478,Mr
Bradley,Mathis,Bradley Mathis,heatherrodriguez@example.org,Transgender,1944-02-16,+1-495-804-1575x960,81426 Linda Light,Suite 266,,New Chelseaville,MP,46262,USA,American,Medium,Active,2024-07-11,CC007,Evans-Johnson,Finance,Divorced,ZHDFE6643J,Z7806162,(244)423-1846,Mx
Amber,Burgess,Amber Burgess,ronaldsmith@example.net,Male,1963-11-18,(403)596-5594x099,53857 Christina Prairie Suite 596,,,West Ashley,MO,81197,USA,American,High,Active,2024-03-08,CC008,"Martin, Cook and Lawson",Retail,Married,QMJFL96551P,X953583,(907)210-4264x9975,Mrs
Thomas,White,Thomas White,duncandeborah@example.com,Male,1994-09-10,937.585.1173x52263,292 James Freeway,,,Lake Justinshire,OK,21311,USA,American,Medium,Active,2024-04-12,CC009,Wood-Bishop,Manufacturing,Divorced,RTPZB92746R,M6303942,+1-329-548-1702x153,Mrs
Amber,Mccarthy,Amber Mccarthy,pclarke@example.com,Male,1973-08-27,(854)820-3694x600,655 Dwayne Via Suite 232,,,Jeffreyview,MI,82747,USA,American,High,Active,2024-04-12,CC010,Evans and Sons,Manufacturing,Single,IPTSF22669Z,X1509512,+1-274-385-4364,Mrs
Justin,Gonzalez,Justin Gonzalez,samanthahill@example.org,Male,1954-01-03,(246)506-3347x2492,564 Frost Forks,Apt. 708,,South Daniel,OK,83046,USA,American,High,Active,2024-05-17,CC011,Diaz-Hancock,Finance,Married,TUKWH14999Q,Z9003042,514.629.1440x663,Mrs
Richard,Obrien,Richard Obrien,padillabrandi@example.com,Female,1946-11-01,432-416-5131x87945,8014 Carol Station,Suite 490,,North Nicholas,DE,49932,USA,American,Low,Active,2024-01-24,CC012,"Edwards, Watts and Smith",Healthcare,Single,BHEEA85391C,J7970166,001-632-302-3546x19685,Ms
Amber,Brooks,Amber Brooks,qbradyexample.com,Female,1982-09-23,785.862.8879,70489 Baker Bridge,,,South Cheryl,MT,12074,USA,American,High,Active,2023-11-03,CC013,Pierce-Ellis,Education,Single,CDLYT23866K,H2671163,001-791-493-4694x16305,Ms
Steven,Murphy,Steven Murphy,jeremynicholson@example.com,Male,1963-05-13,469-923-6110x4478,8739 Meagan Manor Suite 160,,,Rickyburgh,TX,32035,USA,American,Low,Active,2024-07-20,CC014,"Conley, Mccullough and Young",Manufacturing,Divorced,XFLFV92007I,A9063918,3213140302,Mr
Kenneth,Martin,Kenneth Martin,mitchelljenna@example.net,Female,1965-11-15,001-904-944-5217x6565,0497 Robert Loop Suite 671,,,Lake Ashleyland,IN,85721,USA,American,Medium,Active,2024-03-06,CC015,"Hudson, Landry and Howard",Healthcare,Single,SGQUV97903B,Z204470,3508662731,Mr
Mathew,Reid,Mathew Reid,johnsonrobert@example.org,Transgender,1947-12-11,(972)688-0633x2166,392 Betty Hollow Apt. 440,,,Williamfort,PA,53229,USA,American,Low,Inactive,2024-01-18,CC016,"Lopez, Wilson and Lucas",Education,Divorced,IIWIL69357Z,A8912178,907-751-5660,Mx
Tammie,Chen,Tammie Chen,uavila@example.net,Male,1960-10-04,386-312-9658x8524,80017 Jones Villages,Suite 005,,Randyshire,NH,28371,USA,American,High,Inactive,2024-03-21,CC017,"Everett, Scott and Hernandez",Healthcare,Married,CAKFO54387O,H3877712,(341)747-0462x2928,Mr
Carlos,Garcia,Carlos Garcia,amanda73example.com,Male,2002-01-29,530.242.5735x99196,04382 Carter Harbors Apt. 502,,,New Justinchester,WA,75710,USA,American,Medium,Inactive,2024-09-01,CC018,"Parks, Pena and Rodriguez",Education,Single,RIJYB20996X,J6362684,265-531-0107x9048,Ms
Ashley,Flowers,Ashley Flowers,xmurrayexample.org,Female,2003-04-08,796-675-6321x168,01541 Richards Station Suite 370,,,Justinmouth,GA,36195,USA,American,High,Active,2023-12-31,CC019,Marshall-Hines,Retail,Married,TJEJH14740M,B3238803,+1-270-425-4340,Dr
Jesus,Robinson,Jesus Robinson,garycarrillo@example.net,Male,1947-03-18,+1-724-399-3722x5051,87542 Antonio Stravenue,,,West Jasonville,MD,73813,USA,American,High,Active,2024-06-07,CC020,Moore and Sons,IT,Married,RTPLA68415C,U7189203,855-809-6899,Mr
Ashley,Phillips,Ashley Phillips,masseyanthony@example.net,Transgender,1978-10-07,001-919-663-8436x9390,7883 Christina Greens Suite 912,,,Port Maria,DC,35491,USA,American,Medium,Inactive,2024-06-14,CC021,Collins-Smith,Retail,Married,GCUUT36587E,S6228014,+1-738-547-3175,Mx
Richard,Coleman,Richard Coleman,kennethbarnes@example.com,Female,1969-12-25,+1-814-545-3650,91314 John Mission Suite 140,Apt. 737,,North Joshua,WA,85450,USA,American,High,Active,2024-09-25,CC022,Henry-Anderson,Education,Divorced,OYPDH49263N,V8825595,471-771-0337,Mrs
Cheryl,Williams,Cheryl Williams,jenkinsamy@example.org,Transgender,1970-01-20,790-469-4303x06790,910 Walker Junction,Suite 237,,Lake Stephanie,KY,74233,USA,American,Low,Active,2023-10-08,CC023,"Dalton, Schaefer and Robertson",Healthcare,Married,FVGKP44292O,N5612240,932-443-7498x467,Mx
Lori,Hale,Lori Hale,michellebennett@example.net,Male,1999-01-03,+1-820-589-5507,4450 Young Trail Suite 616,,,Dianetown,SC,46862,USA,American,Low,Active,2023-12-06,CC024,Morse Ltd,IT,Divorced,EQTBB78558Y,N9215466,(253)851-9486x727,Mrs
Max,Scott,Max Scott,lcalhoun@example.net,Transgender,1965-02-14,822-404-9199x19405,68026 Walter Springs Suite 450,,,Angelastad,NM,95105,USA,American,Low,Active,2024-08-09,CC025,Allen-Armstrong,Manufacturing,Divorced,ZFIIU29692R,J6143337,(453)676-8084x74702,Mx
Ashley,Nash,Ashley Nash,robert82@example.org,Male,1961-12-05,(591)947-1887,86049 Valerie Villages,,,East Donald,MD,20673,USA,American,Low,Inactive,2024-06-25,CC026,Merritt-Galvan,Manufacturing,Married,XQHOA54714T,V5111510,+1-519-244-8394x97566,Mr
Jamie,Torres,Jamie Torres,sarahwilliamsexample.net,Female,1946-11-30,852.708.5367,434 Paul Rest Suite 098,,,Kingchester,MH,56899,USA,American,Low,Inactive,2024-07-22,CC027,"Roman, Adams and Mayo",Education,Married,SSRIN95469Z,V6701890,556-683-9715,Mrs
Traci,Klein,Traci Klein,jamesowens@example.com,Female,1989-12-12,352.725.4801x290,932 Edward Avenue Suite 354,Suite 066,,South Emily,GA,18543,USA,American,Low,Active,2024-03-14,CC028,"Wolf, Baker and Roy",Education,Single,YDXXW8244K,I1356561,+1-938-302-6226,Ms
Christopher,Anderson,Christopher Anderson,bryananna@example.org,Female,1988-03-19,451-498-4491x97518,074 Gordon Islands,Apt. 683,,Port Katherinebury,NE,55596,USA,American,High,Active,2024-06-19,CC029,"Mccoy, Williams and Smith",Manufacturing,Married,DDBMQ61518S,I1593745,9728446049,Ms
Gregory,Silva,Gregory Silva,angela18example.org,Male,1996-01-24,498-823-3049x46957,459 James Island,Apt. 575,,New Stephaniefort,KS,10308,USA,American,Low,Active,2023-12-25,CC030,"Marshall, Lee and Black",Manufacturing,Single,UDULW42060G,H7609432,+1-569-431-9836,Dr
Allen,Thomas,Allen Thomas,nbest@example.org,Transgender,1984-07-06,(235)416-7441x900,59168 Reginald Well Suite 691,Apt. 967,,Benjaminburgh,NV,54150,USA,American,High,Inactive,2024-04-20,CC031,Mendez PLC,Manufacturing,Divorced,AYVSJ99031X,U2473155,(469)487-3143x27287,Mx
Courtney,Richardson,Courtney Richardson,tanneralexandria@example.org,Transgender,2002-12-07,758-289-1563x3791,3561 Wilkins Stravenue,Apt. 653,,Patrickville,VT,45388,USA,American,Low,Active,2024-08-01,CC032,"Chandler, Schroeder and Vargas",Retail,Married,RDMJI554I,T2942369,(283)806-6219,Mx
Ashley,Lopez,Ashley Lopez,laurawhite@example.com,Female,2006-01-14,2227803835,02874 Fisher Island,Suite 849,,South Brittneytown,SC,63847,USA,American,Medium,Inactive,2024-01-06,CC033,"Miller, Black and Wells",Education,Single,VGMIP40695M,B1270343,+1-837-921-6832x71508,Mr
Danielle,Guzman,Danielle Guzman,zsmith@example.com,Female,1968-12-07,559-614-1490,15463 Mcguire Stream Suite 921,Apt. 972,,North Davidville,VA,72667,USA,American,Low,Active,2024-09-14,CC034,Lopez Group,Healthcare,Married,NFIDY34644X,E5352634,778.310.5075,Ms
Charles,Knapp,Charles Knapp,sarawebb@example.net,Male,2003-05-04,205-362-3269,358 Cole Land,Apt. 749,,Port Williamville,UT,18143,USA,American,High,Inactive,2024-03-24,CC035,Keller-Cruz,Healthcare,Single,EJOCG23399X,M6765393,205.986.1076,Ms
Elizabeth,Sandoval,Elizabeth Sandoval,brian56@example.net,Transgender,1989-11-01,511-860-1528,394 Reese Burg,Suite 272,,Markland,AZ,96490,USA,American,High,Active,2024-02-02,CC036,Davis LLC,Retail,Single,QAWAT76441A,U9944551,(408)433-1187,Mx
William,Hayes,William Hayes,carly19@example.net,Transgender,1979-03-17,+1-280-654-7546x1420,64818 Richard Dale Suite 145,Suite 548,,Nicholsland,GU,96193,USA,American,High,Active,2023-11-04,CC037,"Jackson, Smith and Williams",Retail,Married,NOVVL9234S,G4391158,335.925.2880x338,Mx
Melissa,Daniels,Melissa Daniels,erinhardyexample.net,Female,1947-06-06,7518889270,63626 Willie Prairie,,,New Bradleyberg,TX,08056,USA,American,Low,Inactive,2024-01-04,CC038,Smith-Robinson,Finance,Single,BDMGN1009D,D4245420,598-216-0739x86586,Dr
Haley,Rice,Haley Rice,vreed@example.net,Transgender,1961-05-07,+1-727-258-3967,03146 Perez Corners Apt. 768,Apt. 497,,North Hollyfort,VA,89315,USA,American,High,Inactive,2024-02-18,CC039,Johnson PLC,Retail,Single,GCIWJ81197A,S2653147,4865180579,Mx
Emily,Sanford,Emily Sanford,amber37@example.com,Female,1980-07-20,(768)656-9315x79789,21403 James Canyon Apt. 467,Suite 555,,Schmidtfurt,VI,07108,USA,American,Medium,Active,2024-05-23,CC040,Baldwin Ltd,Finance,Divorced,AAUTQ44188W,C1473034,457-515-0914x2174,Dr
Jason,Adams,Jason Adams,umeyer@example.org,Male,1958-08-25,(399)842-1383x07945,3329 Warren Parkway Apt. 127,Apt. 659,,Port Robertshire,NJ,46377,USA,American,High,Active,2024-06-18,CC041,Wells-Smith,Manufacturing,Divorced,JJPIJ30037J,D481822,739-800-5535,Mrs
David,Mccullough,David Mccullough,lisa53example.net,Female,1964-07-27,+1-242-215-2582x14299,76751 Mason Highway Suite 728,Suite 480,,Port Adamtown,SD,93807,USA,American,Low,Inactive,2023-11-06,CC042,"Baker, Henry and Williams",Finance,Divorced,LOSPE92431T,D3618569,001-481-654-2529x6085,Dr
Alexander,Webster,Alexander Webster,zdavis@example.net,Female,1982-02-04,360.327.4892,394 Erik Mission,Apt. 439,,East Ann,PW,55063,USA,American,High,Inactive,2024-01-07,CC043,Lopez and Sons,Manufacturing,Married,SOCXI58774X,Q1109365,3464882770,Mr
Shawna,Rice,Shawna Rice,matthew24@example.net,Transgender,1995-10-11,+1-938-917-4440x60012,143 Davis Crossroad,Suite 658,,Elizabethton,MA,87606,USA,American,Low,Inactive,2023-11-23,CC044,Gregory-Franklin,Retail,Married,IVHLB83104N,K1992808,(352)854-5315x40229,Mx
Timothy,Roberts,Timothy Roberts,aprilpatelexample.org,Female,2002-06-03,(796)463-1416,092 Amy Terrace,,,Lake Kenneth,FL,09593,USA,American,Medium,Active,2024-08-21,CC045,Lewis-Stokes,IT,Married,NTLZO70690Y,Q8358850,5523952571,Ms
Andrew,Duncan,Andrew Duncan,matthewflores@example.com,Male,1958-09-28,204-629-8070x09043,2704 Smith Ways,,,Lisabury,HI,95921,USA,American,Low,Inactive,2024-08-13,CC046,Bennett-Howard,Education,Single,NACAB1669B,R1978426,306-496-4607x316,Mr
Garrett,Mathews,Garrett Mathews,hernandezronald@example.com,Male,1990-11-18,001-428-231-4382x074,80487 Kevin Creek Suite 330,,,Jonesville,AS,75039,USA,American,Low,Inactive,2024-08-29,CC047,Rodriguez Ltd,Manufacturing,Divorced,XGNTZ55010I,X6600700,001-792-466-5457x3649,Mr
James,Daniel,James Daniel,dlewis@example.com,Male,1976-09-22,5632327754,1283 Sandra Ville Suite 801,,,Lisahaven,NH,82888,USA,American,Medium,Active,2024-03-11,CC048,Newman-Gonzales,Finance,Divorced,IXVKK74047R,A2525428,001-558-791-3471,Ms
Scott,Clark,Scott Clark,owilliamson@example.net,Male,1984-06-05,(532)624-4987x35620,87222 Taylor Hollow Suite 313,,,Westmouth,MI,21231,USA,American,Low,Inactive,2024-08-25,CC049,"Dominguez, Thompson and Fisher",Healthcare,Married,XOECS92147I,O4980874,(992)424-0949x496,Mrs
Richard,Huffman,Richard Huffman,ygregory@example.com,Transgender,1975-10-14,(979)470-5444x41025,0147 Stephanie Stravenue Apt. 908,,,Chrisland,NC,19674,USA,American,Low,Active,2023-10-12,CC050,"Smith, Watson and Bates",Healthcare,Single,IKNVZ93736L,C7759975,863-907-3944,Mx
Mary,Wheeler,Mary Wheeler,cooperjessica@example.com,Transgender,1976-11-21,539.726.5043,59748 Kevin Hollow Suite 749,Suite 130,,East Rebecca,SC,42049,USA,American,Low,Inactive,2024-01-30,CC051,Cook Inc,Education,Single,YXWTX67301L,X3385491,001-657-988-4205,Mx
Daisy,Robertson,Daisy Robertson,millerjamie@example.org,Male,2004-09-21,001-748-654-0392,06605 Green River,,,East Jennifer,OH,04941,USA,American,High,Inactive,2023-11-26,CC052,Bird Ltd,IT,Married,YFFZV46722U,O9350143,378.418.5837x5455,Mr
Amy,Bowen,Amy Bowen,lisafernandez@example.org,Male,1955-10-31,+1-925-205-3493,4950 Salinas Valleys Apt. 939,Apt. 364,,North Christopherville,SD,72265,USA,American,Medium,Inactive,2024-03-28,CC053,"Richardson, Chapman and Curry",Retail,Divorced,AHTKH6456I,I9019237,001-896-595-4388,Ms
Rachel,Patel,Rachel Patel,samantha59@example.com,Male,1971-01-20,279-836-3851,76345 Marissa Brooks Apt. 371,,,Harrisport,MN,20975,USA,American,Medium,Active,2023-09-28,CC054,"Fuentes, Lucas and Williams",Healthcare,Single,VNXWD92228W,S4526085,5737567938,Mrs
Tracy,Hawkins,Tracy Hawkins,mitchelljensen@example.net,Female,1963-12-12,+1-912-616-1556x6663,995 Brown Courts,,,Ricebury,ND,26836,USA,American,Low,Active,2024-07-10,CC055,Riley Group,Manufacturing,Divorced,ANDLR2464Q,K5182465,(699)906-8993,Ms
Angelica,Marshall,Angelica Marshall,carsonjennifer@example.com,Male,1973-08-13,001-727-693-8322x642,510 Crystal Common Suite 680,Suite 426,,East Williamberg,AK,91291,USA,American,Medium,Active,2023-11-30,CC056,Rodriguez Group,Retail,Single,EQDQN83251W,I6422897,278-667-9625x48941,Mr
Sylvia,Peterson,Sylvia Peterson,paulleach@example.net,Female,1958-09-23,+1-239-681-3312,169 Lisa Ways,Apt. 347,,South Traci,MP,67300,USA,American,Low,Inactive,2024-02-23,CC057,"Smith, Anderson and Perkins",Education,Married,QQAVU29488T,O5352086,+1-311-605-2668x46251,Dr
Susan,Davis,Susan Davis,davisalan@example.net,Female,1953-07-08,279.412.3088x66522,72666 Jonathan Field,Suite 989,,Juanbury,NE,86395,USA,American,Low,Active,2024-01-20,CC058,"Mercer, Hall and Crawford",Healthcare,Married,RSFXU24988A,V983692,+1-257-409-7523x5929,Dr
George,Rowe,George Rowe,michaelwilcox@example.net,Female,1988-11-15,417-204-2442x6243,0646 Mathis Ferry,Apt. 537,,Josephburgh,UT,10669,USA,American,Low,Active,2023-12-10,CC059,Lopez-Wilcox,Finance,Single,QKGRT83022K,B7193460,945.243.1421x780,Mrs
Kevin,Rodriguez,Kevin Rodriguez,jenniferpowell@example.com,Male,1956-05-27,861-755-3462,693 Cummings Square Apt. 278,Apt. 385,,New Amanda,PA,10240,USA,American,Low,Active,2023-11-26,CC060,"Miller, Garcia and Mccullough",Healthcare,Married,JEWWU26427O,V9402629,001-511-713-8965x79520,Mrs
David,Baker,David Baker,kathleen28@example.net,Male,1985-03-10,763-208-5368x5711,5462 Dixon Trail,Suite 352,,Riveraport,IN,44188,USA,American,Medium,Inactive,2023-11-01,CC061,Kelly-Mitchell,Healthcare,Married,CCAXL31597Y,R10536,(812)768-1034,Mrs
Tanya,Pugh,Tanya Pugh,bradbenjamin@example.org,Male,1968-07-18,780-671-0281x292,92781 Harris Squares Apt. 340,Suite 922,,Arianatown,SC,04091,USA,American,Low,Inactive,2023-10-04,CC062,"Walker, Wilkinson and Allen",IT,Divorced,BDCPG44016D,D5079207,+1-936-807-3824x59059,Mr
Steven,Lamb,Steven Lamb,annaortega@example.net,Male,1979-12-12,(559)776-5245,409 Patrick Alley,Suite 260,,North Timothyton,NH,43257,USA,American,High,Inactive,2024-05-09,CC063,Peters and Sons,Manufacturing,Married,ZFAUL98875S,V6863170,8028545843,Mr
Mark,Cook,Mark Cook,wbrewer@example.com,Transgender,1982-11-28,802.266.9507x60361,485 Boyer Ports Suite 969,,,Aguilarville,WI,64051,USA,American,Low,Inactive,2024-06-17,CC064,Brown-Diaz,Finance,Single,IMFEB70480N,T8045792,+1-270-283-6123x474,Mx
Mary,Wells,Mary Wells,kshepherd@example.net,Transgender,1972-10-19,774.637.2643,3182 Gonzalez Path Suite 032,,,Brendatown,FL,84577,USA,American,High,Active,2024-09-20,CC065,Fox-Evans,Healthcare,Married,YWDMI5622X,H5373515,001-627-363-7543x62039,Mx
Catherine,Ray,Catherine Ray,fmartin@example.org,Male,1978-06-14,798.870.2266,41596 Leon Centers Suite 875,Apt. 408,,Thomasside,AK,23005,USA,American,Low,Active,2024-06-24,CC066,Atkinson-Roberts,Retail,Divorced,JXYCG96343A,H7220285,7186488624,Mr
Sheri,Hammond,Sheri Hammond,robert98@example.net,Transgender,2001-02-10,9178008866,733 Jones Haven,Suite 839,,Lake Deniseland,WI,82140,USA,American,Low,Active,2024-03-22,CC067,Greer-Salazar,Manufacturing,Single,VJFVH69875X,U8880912,365.954.9181x4873,Mx
Walter,Hall,Walter Hall,wwhite@example.org,Male,1982-03-31,887.394.0357x918,028 Callahan Falls,,,Brooksfurt,NM,64878,USA,American,Medium,Inactive,2024-06-15,CC068,Thomas-Atkinson,Retail,Divorced,EFBMY63306X,D5483258,+1-422-911-6645x6113,Dr
Megan,Roberts,Megan Roberts,cfernandez@example.org,Female,1954-07-25,9184271887,692 Steven Underpass,Apt. 855,,Michaelview,DE,27701,USA,American,Low,Active,2024-07-01,CC069,Hess-Hughes,Manufacturing,Divorced,HNRFS21672S,U6273370,238.975.8614x9015,Dr
Lisa,Ryan,Lisa Ryan,chandlersean@example.org,Female,1956-06-17,001-310-538-3646x956,8610 Myers Stravenue,,,Joeview,MH,51164,USA,American,Medium,Inactive,2024-09-04,CC070,Wolf Inc,Finance,Married,EBFLY3307U,N4716367,001-219-820-3353x10131,Ms
Douglas,Smith,Douglas Smith,ecowan@example.org,Transgender,1993-01-04,+1-237-332-3410x37053,94107 Michelle Street Suite 607,Suite 986,,South Erika,WV,28327,USA,American,High,Inactive,2023-11-26,CC071,Le-Hayes,Education,Single,XMRTC94795I,Z6007438,584.996.2045x116,Mx
Amber,Ramirez,Amber Ramirez,norman63@example.net,Male,2000-06-15,780-596-2368x9206,312 Morrison Islands Suite 287,Apt. 622,,Sanchezview,MN,16879,USA,American,Medium,Active,2024-09-22,CC072,"Williams, Carter and Simmons",Education,Married,VXTHO69647X,V4123295,294-537-7748x41208,Mr
Elaine,Johnson,Elaine Johnson,coryarellano@example.net,Female,1973-11-09,+1-828-625-1541x03194,0341 Robert Ville Apt. 216,Apt. 313,,Barbershire,NV,87818,USA,American,High,Inactive,2023-12-10,CC073,"Carr, Williams and Cooper",Finance,Single,GLLCG63426J,M191452,975.775.0194,Dr
Joan,Freeman,Joan Freeman,hbriggs@example.com,Transgender,1977-04-18,001-606-882-0729,070 Torres Brooks Apt. 991,,,Angelaborough,VA,66206,USA,American,Low,Inactive,2023-10-17,CC074,Smith-Pierce,Manufacturing,Single,ZKMSP43245J,F623230,(432)514-0384x666,Mx
Richard,Reese,Richard Reese,davenportdavid@example.org,Transgender,1990-08-26,(731)551-7915,3412 Maria Inlet,Apt. 222,,Kathrynview,CA,05103,USA,American,Low,Inactive,2024-03-20,CC075,"Lopez, Baldwin and Robinson",Manufacturing,Divorced,VFJQI31589G,O1946675,(594)456-5757,Mx
Tim,Davies,Tim Davies,fayala@example.org,Transgender,1981-11-13,250.962.7279,5968 Pena Stream Suite 310,Suite 291,,Jacobsonton,OH,82925,USA,American,High,Inactive,2024-07-31,CC076,"Thompson, Blankenship and Gamble",Retail,Married,QPZQN45629T,S8999454,001-573-508-4441x314,Mx
Lisa,Odonnell,Lisa Odonnell,richardsonlee@example.net,Transgender,1960-10-26,512-332-9286,49961 Jacob Throughway,,,West Andrew,AK,23650,USA,American,Medium,Inactive,2024-07-03,CC077,"Griffin, Schneider and Brown",Retail,Divorced,LNOMJ4005H,S8534766,+1-773-606-4329x40630,Mx
Amanda,Clark,Amanda Clark,christophernguyen@example.com,Male,1987-08-27,372.281.3212x86342,845 Watts Terrace Apt. 971,Apt. 645,,North Angel,TN,93889,USA,American,High,Active,2024-07-12,CC078,Marshall PLC,IT,Divorced,RRWLW56426U,U3097346,231-434-6740x39717,Dr
Erik,Parrish,Erik Parrish,whitneydominguez@example.org,Female,1970-03-22,471-981-4953x5557,17794 Diana Causeway Apt. 661,Suite 886,,Alexisbury,HI,59702,USA,American,Medium,Inactive,2024-02-01,CC079,"Marshall, Johnson and Grant",Education,Married,FWMRW51168R,Y1831297,+1-372-626-6151x8541,Mrs
Dana,Ramirez,Dana Ramirez,robertnewman@example.org,Transgender,2004-05-16,+1-688-362-5854x626,905 Macias Expressway Suite 151,Suite 407,,New Ninafurt,VI,27537,USA,American,High,Inactive,2024-09-16,CC080,Owens-Johnson,Education,Single,OYSTV48926D,G994483,001-951-609-8980x5177,Mx
Jeremiah,Davidson,Jeremiah Davidson,parkchelsey@example.net,Female,1989-10-11,832.331.7794,2064 David Overpass Suite 389,,,Lake Curtis,LA,85110,USA,American,Low,Inactive,2023-11-28,CC081,Hunt-Evans,Retail,Single,RVETM27740M,P4098830,001-518-850-8511,Mrs
Andrew,White,Andrew White,tanyabrown@example.net,Male,1976-08-01,(659)319-1673,6745 Barry Trace Suite 865,,,Lake Jocelyn,ID,75718,USA,American,Medium,Active,2024-08-23,CC082,Campbell-Davis,Healthcare,Divorced,WEXLM70825B,H3659612,8114519496,Dr
David,Giles,David Giles,taylorrogers@example.net,Male,1979-09-19,(766)922-1841,826 Tanya Trace,Apt. 547,,North Sarah,TN,03330,USA,American,Low,Inactive,2023-12-19,CC083,"Black, Ortega and Lane",IT,Divorced,DNSLF26348N,A7757923,275.849.7912,Dr
James,King,James King,lopezjay@example.org,Female,1985-12-19,+1-202-246-1471x312,7327 Cathy Cliff,,,Garrettmouth,ME,35063,USA,American,Low,Inactive,2024-06-06,CC084,Davis and Sons,IT,Divorced,ISBVS94783N,Y4567647,403.771.1859,Mrs
Tina,Shannon,Tina Shannon,zsimpson@example.org,Female,1956-12-28,(294)556-6807,9542 Justin Inlet,,,New Ashleymouth,IN,30071,USA,American,Low,Inactive,2024-08-02,CC085,Chavez PLC,Education,Single,XFQAB5313B,X1199017,843.689.8922,Ms
Denise,Diaz,Denise Diaz,leslie78@example.org,Transgender,1983-07-18,(580)805-7378x2921,9724 Nicole Views Apt. 369,,,Jasontown,HI,37096,USA,American,Low,Active,2024-03-23,CC086,Torres and Sons,Education,Married,PNAHA14039Z,V751552,7134580942,Mx
Mark,Hubbard,Mark Hubbard,aherrera@example.org,Transgender,1974-06-27,+1-462-507-0364x06033,29674 Leblanc Curve Suite 938,Suite 379,,Bradshawhaven,GU,32272,USA,American,High,Inactive,2024-08-29,CC087,Jones-Johnson,IT,Married,LFJIO93991N,E9773124,761.247.1905,Mx
Amber,Miller,Amber Miller,khebert@example.net,Transgender,1960-10-27,659-406-2983x3192,55496 Vincent Haven,Apt. 295,,Roseside,CO,38978,USA,American,Medium,Active,2024-01-02,CC088,Patterson-Dunlap,Education,Divorced,IXKDR95891P,O327615,476-326-1218,Mx
Jeremy,Norman,Jeremy Norman,vrios@example.net,Female,1968-06-20,796.702.7799x6531,08522 Mary Parkways Suite 504,,,Port Colefort,MI,56328,USA,American,Medium,Active,2024-07-13,CC089,"Lopez, Christensen and Hester",IT,Divorced,OJGZB5677I,M2952640,001-885-471-2631,Ms
James,Davis,James Davis,kholt@example.org,Male,1979-02-11,+1-274-503-5472,3482 Gutierrez Fork Suite 165,,,South Jenniferside,GU,94327,USA,American,High,Inactive,2024-01-11,CC090,"Love, Watson and Allen",Healthcare,Single,RWYYG53609E,V7390759,(502)327-9361,Mrs
Stephanie,Hawkins,Stephanie Hawkins,rosecynthia@example.org,Transgender,1975-01-08,(286)623-2238,10025 Julia Springs,,,West Erin,MN,64412,USA,American,Medium,Inactive,2024-05-31,CC091,Hess Group,Finance,Married,RULFE50005K,H2813219,285-299-4789,Mx
Gregory,Glass,Gregory Glass,zbaxter@example.net,Male,1966-02-24,868.899.4810,0254 Willie Square Apt. 959,Suite 352,,North David,OK,03392,USA,American,Low,Active,2023-12-12,CC092,Lambert PLC,Manufacturing,Divorced,SAMXJ31756T,U575595,001-652-857-4316,Mr
Tammy,Lewis,Tammy Lewis,nancy07@example.com,Female,1966-12-02,632-244-2005x3118,79624 James Turnpike,Apt. 895,,Port Ashley,CO,56711,USA,American,Medium,Active,2024-06-27,CC093,"Barnes, Kaiser and Blackburn",IT,Married,WEPQD27979G,E3046398,(851)623-4832x22645,Mr
Holly,Harper,Holly Harper,kevinlarson@example.net,Transgender,1950-04-13,+1-544-245-6428x34738,7830 Thompson Wells,,,Lisachester,DC,78974,USA,American,Low,Active,2024-07-14,CC094,Hunter Ltd,Healthcare,Married,FNLQL89295L,J3977074,445-962-2037x06630,Mx
Ryan,Hammond,Ryan Hammond,mooredaniel@example.com,Transgender,1994-04-02,554-461-4495,51297 Patterson Skyway,,,North Reginaburgh,TN,06469,USA,American,Medium,Inactive,2024-06-30,CC095,Williams Group,Manufacturing,Divorced,ASIRC36043Q,S7524709,(816)487-5559,Mx
Carlos,Petersen,Carlos Petersen,grodriguez@example.org,Transgender,1962-10-02,9322909794,1378 David Shores,,,Coxborough,IL,57611,USA,American,Low,Inactive,2024-07-21,CC096,Jackson-Mcdowell,IT,Single,PDRKR69583H,S6834046,519.966.2217x22591,Mx
Erica,Smith,Erica Smith,tpeterson@example.net,Male,1972-02-01,932-925-1164x9089,18528 Michelle Pike Apt. 110,Suite 914,,Petershire,MI,86319,USA,American,Low,Active,2024-06-26,CC097,Jones-Clark,Education,Married,AMQMT77180L,L9443932,234-554-0264x26193,Ms
Christopher,Allen,Christopher Allen,mooregregory@example.com,Male,1984-10-13,(564)355-3930x32732,758 Harris Oval,,,South Lisaside,SD,19038,USA,American,Low,Inactive,2024-07-14,CC098,Allen-Rodriguez,Retail,Single,NKDGF36571S,D2172364,(705)622-9079x05058,Mr
Michael,Mann,Michael Mann,wvargas@example.com,Female,1958-07-31,809-606-3051x79591,792 Matthew Crossing,,,Codyhaven,MN,49350,USA,American,Low,Inactive,2023-11-11,CC099,Edwards Inc,Finance,Single,MARPE42172N,P8692037,+1-694-695-9522x852,Ms
Gwendolyn,Johns,Gwendolyn Johns,michael28@example.net,Female,2004-08-31,(242)486-1927,077 Veronica River Suite 329,Apt. 737,,East Jacob,AZ,19073,USA,American,Medium,Active,2024-03-28,CC100,Kemp-Alvarez,Education,Divorced,UWMOF71393C,B8708424,001-839-904-0544,Mrs
Michael,Mann,Michael Mann,wvargas@example.com,Female,1958-07-31,809-606-3051x79591,792 Matthew Crossing,,,Codyhaven,MN,49350,USA,American,Low,Inactive,2023-11-11,CC099,Edwards Inc,Finance,Single,MARPE42172N,P8692037,+1-694-695-9522x852,Ms
